category;model_file;subcategory;brand;PIC;name;tech_sheet;axis;load;range;repetity;
Pozycjonowanie detalu;czujnik_nr_1;Czujniki i sensory;;TAK;Czujnik;;;;;;
Sterowanie;plc_signal_creator;Sterownik PLC;;Tak;Element PLC 1;;;;;;
0.01 (J3);;;;;;;;;;;
0.005 (J4) do 0.01 (J1 J2);;;;;;;;;;;
0.01 (J3);;;;;;;;;;;
"0.004 (J4)""";Ethernet;2;5;200;6;100;;TAK;TAK;NIE;
Roboty;6640id_170_275;Robot;ABB;Tak;6640id_170_275;;;;;;
Roboty;irb_120;Robot;ABB;Tak;irb_120;;;;;;
Roboty;irb_140;Robot;ABB;Tak;irb_140;;;;;;
Roboty;irb_2600_id;Robot;ABB;Tak;irb_2600_id;;;;;;
Roboty;irb_260;Robot;ABB;Tak;irb_260;;;;;;
Roboty;irb_460;Robot;ABB;Tak;irb_460;;;;;;
Roboty;irb_580;Robot;ABB;Tak;irb_580;;;;;;
Roboty;irb_660;Robot;ABB;Tak;irb_660;;;;;;
Roboty;irb_760;Robot;ABB;Tak;irb_760;;;;;;
Roboty;irb_1600_id;Robot;ABB;Tak;irb_1600_id;;;;;;
Pozycjonowanie detalu;flexibowl_200_350_500_650_800;Pozycjoner mechaniczny;CIMTEC Auto;A;Podajnik wibracyjny cylindryczny;;;;;;
Roboty;comau_pal260_3_1;Robot;Comau;Tak;comau_pal260_3_1;;;;;;
Roboty;nh1_100_30_p;Robot;Comau;Tak;nh1_100_30_p;;;;;;
Roboty;nh1_130_26;Robot;Comau;Tak;nh1_130_26;;;;;;
Roboty;nh1_130_30;Robot;Comau;Tak;nh1_130_30;;;;;;
Roboty;nh2_165_26;Robot;Comau;Tak;nh2_165_26;;;;;;
Roboty;nh3_100_35_sh_p;Robot;Comau;Tak;nh3_100_35_sh_p;;;;;;
Roboty;nh3_160_34_sh;Robot;Comau;Tak;nh3_160_34_sh;;;;;;
Roboty;nh3_165_30;Robot;Comau;Tak;nh3_165_30;;;;;;
Roboty;nh3_210_31_sh;Robot;Comau;Tak;nh3_210_31_sh;;;;;;
Roboty;nh3_220_27;Robot;Comau;Tak;nh3_220_27;;;;;;
Roboty;nh4_165_30;Robot;Comau;Tak;nh4_165_30;;;;;;
Roboty;nh4_200_27;Robot;Comau;Tak;nh4_200_27;;;;;;
Roboty;nj_110_30;Robot;Comau;Tak;nj_110_30;;;;;;
Roboty;nj_110_30_2;Robot;Comau;Tak;nj_110_30_2;;;;;;
Roboty;nj_130_26;Robot;Comau;Tak;nj_130_26;;;;;;
Roboty;nj_165_30;Robot;Comau;Tak;nj_165_30;;;;;;
Roboty;nj_165_34_sh;Robot;Comau;Tak;nj_165_34_sh;;;;;;
Roboty;nj_165_34_sh_2;Robot;Comau;Tak;nj_165_34_sh_2;;;;;;
Roboty;nj_220_27;Robot;Comau;Tak;nj_220_27;;;;;;
Roboty;nj_290_30;Robot;Comau;Tak;nj_290_30;;;;;;
Roboty;nj_370_27;Robot;Comau;Tak;nj_370_27;;;;;;
Roboty;nj_420_30;Robot;Comau;Tak;nj_420_30;;;;;;
Roboty;nj_450_27;Robot;Comau;Tak;nj_450_27;;;;;;
Roboty;nj_500_27;Robot;Comau;Tak;nj_500_27;;;;;;
Roboty;nj370_30;Robot;Comau;Tak;nj370_30;;;;;;
Roboty;nm_16_31;Robot;Comau;Tak;nm_16_31;;;;;;
Roboty;nm_25_22;Robot;Comau;Tak;nm_25_22;;;;;;
Roboty;nm_25_22_off;Robot;Comau;Tak;nm_25_22_off;;;;;;
Roboty;nm_45_20;Robot;Comau;Tak;nm_45_20;;;;;;
Roboty;nm_45_20_off;Robot;Comau;Tak;nm_45_20_off;;;;;;
Roboty;ns_12_185_arc;Robot;Comau;Tak;ns_12_185_arc;;;;;;
Roboty;ns_12_185_hand;Robot;Comau;Tak;ns_12_185_hand;;;;;;
Roboty;ns_16_165_arc;Robot;Comau;Tak;ns_16_165_arc;;;;;;
Roboty;ns_16_165_hand;Robot;Comau;Tak;ns_16_165_hand;;;;;;
Roboty;nx1_600_30;Robot;Comau;Tak;nx1_600_30;;;;;;
Roboty;nx2_ 800_38_4a;Robot;Comau;Tak;nx2_ 800_38_4a;;;;;;
Roboty;racer3;Robot;Comau;Tak;racer3;;;;;;
Roboty;racer5;Robot;Comau;Tak;racer5;;;;;;
Roboty;racer5_080;Robot;Comau;Tak;racer5_080;;;;;;
Roboty;racer7_14;Robot;Comau;Tak;racer7_14;;;;;;
Roboty;racer7_099;Robot;Comau;Tak;racer7_099;;;;;;
Roboty;racer999;Robot;Comau;Tak;racer999;;;;;;
Roboty;rebel_s_6l;Robot;Comau;Tak;rebel_s_6l;;;;;;
Roboty;rebel_s_6m;Robot;Comau;Tak;rebel_s_6m;;;;;;
Roboty;rebel_s_6x;Robot;Comau;Tak;rebel_s_6x;;;;;;
Roboty;rebel_s6_060c;Robot;Comau;Tak;rebel_s6_060c;;;;;;
Roboty;rebel_s6_075c;Robot;Comau;Tak;rebel_s6_075c;;;;;;
Roboty;six_6_14;Robot;Comau;Tak;six_6_14;;;;;;
Roboty;six_6_14_2;Robot;Comau;Tak;six_6_14_2;;;;;;
Roboty;smart_5_nj4_90_22;Robot;Comau;Tak;smart_5_nj4_90_22;;;;;;
Roboty;smart_5_nj4_110_22;Robot;Comau;Tak;smart_5_nj4_110_22;;;;;;
Roboty;smart_5_nj4_165_34_sh;Robot;Comau;Tak;smart_5_nj4_165_34_sh;;;;;;
Roboty;smart_5_nj4_170_25;Robot;Comau;Tak;smart_5_nj4_170_25;;;;;;
Roboty;smart_5_nj4_170_29;Robot;Comau;Tak;smart_5_nj4_170_29;;;;;;
Roboty;smart_5_nj4_175_22;Robot;Comau;Tak;smart_5_nj4_175_22;;;;;;
Roboty;smart_5_nj4_220_27;Robot;Comau;Tak;smart_5_nj4_220_27;;;;;;
Roboty;smart_5_nj_16_31;Robot;Comau;Tak;smart_5_nj_16_31;;;;;;
Roboty;smart_5_nj_40_25;Robot;Comau;Tak;smart_5_nj_40_25;;;;;;
Roboty;smart_5_nj_60_22;Robot;Comau;Tak;smart_5_nj_60_22;;;;;;
Roboty;smart_5_nj_60_22_off_set;Robot;Comau;Tak;smart_5_nj_60_22_off_set;;;;;;
Roboty;smart_5_nj_100_32_p;Robot;Comau;Tak;smart_5_nj_100_32_p;;;;;;
Roboty;smart_5_nj_130_20;Robot;Comau;Tak;smart_5_nj_130_20;;;;;;
Roboty;smart_5_nj_130_26;Robot;Comau;Tak;smart_5_nj_130_26;;;;;;
Roboty;smart_5_nj_165_30;Robot;Comau;Tak;smart_5_nj_165_30;;;;;;
Roboty;smart_5_nj_210_31_sh;Robot;Comau;Tak;smart_5_nj_210_31_sh;;;;;;
Roboty;smart_5_nm_16_31_hand;Robot;Comau;Tak;smart_5_nm_16_31_hand;;;;;;
Roboty;smart_5_nm_25_22_in_line;Robot;Comau;Tak;smart_5_nm_25_22_in_line;;;;;;
Roboty;smart_5_nm_25_22_off_set;Robot;Comau;Tak;smart_5_nm_25_22_off_set;;;;;;
Roboty;smart_5_nm_45_20_in_line;Robot;Comau;Tak;smart_5_nm_45_20_in_line;;;;;;
Roboty;smart_5_nm_45_20_off_set;Robot;Comau;Tak;smart_5_nm_45_20_off_set;;;;;;
Roboty;smart_5_ns_12_185_arc;Robot;Comau;Tak;smart_5_ns_12_185_arc;;;;;;
Roboty;smart_5_ns_12_185_hand_foundry;Robot;Comau;Tak;smart_5_ns_12_185_hand_foundry;;;;;;
Roboty;smart_5_ns_16_165_arc;Robot;Comau;Tak;smart_5_ns_16_165_arc;;;;;;
Roboty;smart_5_ns_16_165_hand_foundry;Robot;Comau;Tak;smart_5_ns_16_165_hand_foundry;;;;;;
Roboty;smart_5_ns_glass;Robot;Comau;Tak;smart_5_ns_glass;;;;;;
Roboty;drs40l;Robot;Delta;Tak;drs40l;;;;;;
Roboty;drs50l;Robot;Delta;Tak;drs50l;;;;;;
Roboty;drs60l;Robot;Delta;Tak;drs60l;;;;;;
Roboty;drs70l6;Robot;Delta;Tak;drs70l6;;;;;;
Roboty;drv70l;Robot;Delta;Tak;drv70l;;;;;;
Roboty;drv90l;Robot;Delta;Tak;drv90l;;;;;;
Roboty;drva1l7;Robot;Delta;Tak;drva1l7;;;;;;
Roboty;drva4l7;Robot;Delta;Tak;drva1l7;;;;;;
Roboty;hms_40702g;Robot;Denso;Tak;hms_40702g;;;;;;
Roboty;hms_40702g_w;Robot;Denso;Tak;hms_40702g_w;;;;;;
Roboty;hms_40703g;Robot;Denso;Tak;hms_40703g;;;;;;
Roboty;hms_40703g_w;Robot;Denso;Tak;hms_40703g_w;;;;;;
Roboty;hms_40704g;Robot;Denso;Tak;hms_40704g;;;;;;
Roboty;hms_40704g_w;Robot;Denso;Tak;hms_40704g_w;;;;;;
Roboty;hms_40852g;Robot;Denso;Tak;hms_40852g;;;;;;
Roboty;hms_40852g_w;Robot;Denso;Tak;hms_40852g_w;;;;;;
Roboty;hms_40853g;Robot;Denso;Tak;hms_40853g;;;;;;
Roboty;hms_40853g_w;Robot;Denso;Tak;hms_40853g_w;;;;;;
Roboty;hms_40854g;Robot;Denso;Tak;hms_40854g;;;;;;
Roboty;hms_40854g_w;Robot;Denso;Tak;hms_40854g_w;;;;;;
Roboty;hm_40602g;Robot;Denso;Tak;hm_40602g;;;;;;
Roboty;hm_40602g_w;Robot;Denso;Tak;hm_40602g_w;;;;;;
Roboty;hm_40603g;Robot;Denso;Tak;hm_40603g;;;;;;
Roboty;hm_40603g_w;Robot;Denso;Tak;hm_40603g_w;;;;;;
Roboty;hm_40604g;Robot;Denso;Tak;hm_40604g;;;;;;
Roboty;hm_40604g_w;Robot;Denso;Tak;hm_40604g_w;;;;;;
Roboty;hm_40702g;Robot;Denso;Tak;hm_40702g;;;;;;
Roboty;hm_40702g_w;Robot;Denso;Tak;hm_40702g_w;;;;;;
Roboty;hm_40703g;Robot;Denso;Tak;hm_40703g;;;;;;
Roboty;hm_40703g_w;Robot;Denso;Tak;hm_40703g_w;;;;;;
Roboty;hm_40704g;Robot;Denso;Tak;hm_40704g;;;;;;
Roboty;hm_40704g_w;Robot;Denso;Tak;hm_40704g_w;;;;;;
Roboty;hm_40852g;Robot;Denso;Tak;hm_40852g;;;;;;
Roboty;hm_40852g_w;Robot;Denso;Tak;hm_40852g_w;;;;;;
Roboty;hm_40853g;Robot;Denso;Tak;hm_40853g;;;;;;
Roboty;hm_40853g_w;Robot;Denso;Tak;hm_40853g_w;;;;;;
Roboty;hm_40854g;Robot;Denso;Tak;hm_40854g;;;;;;
Roboty;hm_40854g_w;Robot;Denso;Tak;hm_40854g_w;;;;;;
Roboty;hm_40a02g;Robot;Denso;Tak;hm_40a02g;;;;;;
Roboty;hm_40a02g_w;Robot;Denso;Tak;hm_40a02g_w;;;;;;
Roboty;hm_40a03g;Robot;Denso;Tak;hm_40a03g;;;;;;
Roboty;hm_40a03g_w;Robot;Denso;Tak;hm_40a03g_w;;;;;;
Roboty;hm_40a04g;Robot;Denso;Tak;hm_40a04g;;;;;;
Roboty;hm_40a04g_w;Robot;Denso;Tak;hm_40a04g_w;;;;;;
Roboty;hm_4aa0g;Robot;Denso;Tak;hm_4aa0g;;;;;;
Roboty;hs_45352g;Robot;Denso;Tak;hs_45352g;;;;;;
Roboty;hs_45352g_p10;Robot;Denso;Tak;hs_45352g_p10;;;;;;
Roboty;hs_45352g_w;Robot;Denso;Tak;hs_45352g_w;;;;;;
Roboty;hs_45353g;Robot;Denso;Tak;hs_45353g;;;;;;
Roboty;hs_45353g_p10;Robot;Denso;Tak;hs_45353g_p10;;;;;;
Roboty;hs_45353g_w;Robot;Denso;Tak;hs_45353g_w;;;;;;
Roboty;hs_45452g;Robot;Denso;Tak;hs_45452g;;;;;;
Roboty;hs_45452g_p10;Robot;Denso;Tak;hs_45452g_p10;;;;;;
Roboty;hs_45452g_w;Robot;Denso;Tak;hs_45452g_w;;;;;;
Roboty;hs_45453g;Robot;Denso;Tak;hs_45453g;;;;;;
Roboty;hs_45453g_p10;Robot;Denso;Tak;hs_45453g_p10;;;;;;
Roboty;hs_45453g_w;Robot;Denso;Tak;hs_45453g_w;;;;;;
Roboty;hs_45552g;Robot;Denso;Tak;hs_45552g;;;;;;
Roboty;hs_45552g_p10;Robot;Denso;Tak;hs_45552g_p10;;;;;;
Roboty;hs_45552g_w;Robot;Denso;Tak;hs_45552g_w;;;;;;
Roboty;hs_45553g;Robot;Denso;Tak;hs_45553g;;;;;;
Roboty;hs_45553g_p10;Robot;Denso;Tak;hs_45553g_p10;;;;;;
Roboty;hs_45553g_w;Robot;Denso;Tak;hs_45553g_w;;;;;;
Roboty;hsr_048_n32;Robot;Denso;Tak;hsr_048_n32;;;;;;
Roboty;hsr_055_n32;Robot;Denso;Tak;hsr_055_n32;;;;;;
Roboty;hsr_065_n32;Robot;Denso;Tak;hsr_065_n32;;;;;;
Roboty;hss_45452g;Robot;Denso;Tak;hss_45452g;;;;;;
Roboty;hss_45452g_w;Robot;Denso;Tak;hss_45452g_w;;;;;;
Roboty;hss_45553g;Robot;Denso;Tak;hss_45553g;;;;;;
Roboty;hss_45553g_w;Robot;Denso;Tak;hss_45553g_w;;;;;;
Roboty;vm_60b1g;Robot;Denso;Tak;vm_60b1g;;;;;;
Roboty;vm_6083g;Robot;Denso;Tak;vm_6083g;;;;;;
Roboty;vp-5243g;Robot;Denso;Tak;vp-5243g;;;;;;
Roboty;vp_6242g;Robot;Denso;Tak;vp_6242g;;;;;;
Roboty;vs_050a1_nan;Robot;Denso;Tak;vs_050a1_nan;;;;;;
Roboty;vs_050a1_nnn;Robot;Denso;Tak;vs_050a1_nnn;;;;;;
Roboty;vs_060a1_nan;Robot;Denso;Tak;vs_060a1_nan;;;;;;
Roboty;vs_060a1_nnn;Robot;Denso;Tak;vs_060a1_nnn;;;;;;
Roboty;vs_068a2_aan;Robot;Denso;Tak;vs_068a2_aan;;;;;;
Roboty;vs_068a2_ann;Robot;Denso;Tak;vs_068a2_ann;;;;;;
Roboty;vs_068a2_nan;Robot;Denso;Tak;vs_068a2_nan;;;;;;
Roboty;vs_068a2_nnn;Robot;Denso;Tak;vs_068a2_nnn;;;;;;
Roboty;vs_087a2_av6_xxn_aan;Robot;Denso;Tak;vs_087a2_av6_xxn_aan;;;;;;
Roboty;vs_087a2_av6_xxn_ann;Robot;Denso;Tak;vs_087a2_av6_xxn_ann;;;;;;
Roboty;vs_087a2_av6_xxn_nan;Robot;Denso;Tak;vs_087a2_av6_xxn_nan;;;;;;
Roboty;vs_087a2_av6_xxn_nnn;Robot;Denso;Tak;vs_087a2_av6_xxn_nnn;;;;;;
Roboty;vs_6556g;Robot;Denso;Tak;vs_6556g;;;;;;
Roboty;vs_6577g;Robot;Denso;Tak;vs_6577g;;;;;;
Aplikacja;chwytak_epick-four_vacuume;Chwytak mechaniczny;Epick;A;Chwytak mechaniczny 6;;;;;;
Roboty;part_arc_mate_120ic-10l;Robot;FANUC;Tak;ArcMate 120iC;https://www.fanuc.eu/pl/pl/roboty/robot-strona-filtrowania/spawanie-%c5%82ukowe;6;od 7 do 25;od 717 do 2272;od 0.03 do 0.018;
Roboty;part_lr_mate_200id;Robot;FANUC;Tak;LRMate 200iD;https://www.fanuc.eu/pl/pl/roboty/robot-strona-filtrowania/lrmate-series;6;od 4 do 14;od 550 do 911;od 0.018 do 0.01;
Roboty;part_m-10ia-10m;Robot;FANUC;Tak;M10iA/10M;;;;;;
Roboty;part_m-10ia-6l;Robot;FANUC;Tak;M10iA/6L;;;;;;
Roboty;part_m-16ib-20;Robot;FANUC;Tak;M16iB/20;;;;;;
Roboty;part_m-20ia-10l;Robot;FANUC;Tak;M20iA/10L;;;;;;
Roboty;part_m-20ia-20t;Robot;FANUC;Tak;M20iA/20T;;;;;;
Roboty;part_m-20ib-35s;Robot;FANUC;Tak;M20iB/35S;;;;;;
Roboty;part_m-20id-25;Robot;FANUC;Tak;M20iD/25;;;;;;
Roboty;part_m-421ia;Robot;FANUC;Tak;M421iA;;;;;;
Roboty;part_m-710ib-45;Robot;FANUC;Tak;M710iB/45;;;;;;
Roboty;part_m-710ic-12l;Robot;FANUC;Tak;M710iC/12L;;;;;;
Roboty;part_m-710ic-50;Robot;FANUC;Tak;M710iC/50;;;;;;
Roboty;part_m-710ic-50s;Robot;FANUC;Tak;M710iC/50S;;;;;;
Roboty;part_m-800ia-60;Robot;FANUC;Tak;M800iA/60;;;;;;
Roboty;part_r-2000ic-270f;Robot;FANUC;Tak;R2000iC/270F;;;;;;
Roboty;robot_m-2000ia_2300;Robot;FANUC;Tak;M2000iA/2300;;;;;;
Roboty;robot_m-410ic_110;Robot;FANUC;Tak;M410iC/110;;;;;;
Roboty;robot_r-2000id_165fh_210fh;Robot;FANUC;Tak;R2000iD/165FH;;;;;;
Roboty;3d_lrmate200id;Robot;FANUC;Tak;LR Mate 200iD;https://www.fanuc.eu/pl/pl/roboty/robot-strona-filtrowania/lrmate-series;;od 4 do 14;od 550 do 911;od 0.018 do 0.01;
Roboty;arc mate 100id;Robot;FANUC;Tak;ARC Mate 100iD;;;;;;
Roboty;3d_crx-10ia_v01;Robot;FANUC;Tak;CRX-10iA;https://www.fanuc.eu/pl/pl/roboty/robot-strona-filtrowania/roboty-wsp%c3%b3%c5%82pracuj%c4%85ce;6;od 4 do 35;od 550 do 1813;od 0.04 do 0.01;
Roboty;3d_m-1ia05sl_no_stand_a;Robot;FANUC;Tak;M-1iA;https://www.fanuc.eu/pl/pl/roboty/robot-strona-filtrowania/delta-robots/m1-series;;od 0;5 do 1;od 280 do 420;
Roboty;3d_m-2ia3sl;Robot;FANUC;Tak;M-2iA;https://www.fanuc.eu/pl/pl/roboty/robot-strona-filtrowania/delta-robots/seria-m2;;od 3 do 6;od 800 do 1130;0.1;
Roboty;3d_m-3ia6a;Robot;FANUC;Tak;M-3iA;https://www.fanuc.eu/pl/pl/roboty/robot-strona-filtrowania/delta-robots/seria-m3;;od 6 do 12;1350;0.1;
Roboty;3d_dr-3ib_8l_v02;Robot;FANUC;Tak;DR-3iB;https://www.fanuc.eu/pl/pl/roboty/robot-strona-filtrowania/delta-robots/dr-3ib-series;6;8;1600;0;
Roboty;3d_sr-6ia_backcon_sv_v01;Robot;FANUC;Tak;SR-6iA;https://www.fanuc.eu/pl/pl/roboty/robot-strona-filtrowania/scara-series;4;od 3 do 12;od 400 do 900;od 0.015 (J1 J2);
Roboty;p-250ib_beta-rh_ped;Robot;FANUC;Tak;P-250iB;https://www.fanuc.eu/pl/pl/roboty/robot-strona-filtrowania/paint-series;6;od 5 do 45;od 704 do 2800;od 0.2 do 0.03;
Roboty;3d_arcmate100id_m-10id_v04;Robot;FANUC;Tak;M-10iD;https://www.fanuc.eu/pl/pl/roboty/robot-strona-filtrowania/m-10-series;6;od 8 do 16;od 1103 do 2032;od 0.03 do 0.02;
Roboty;part_m-20ib-35s;Robot;FANUC;Tak;M-20iB;https://www.fanuc.eu/pl/pl/roboty/robot-strona-filtrowania/m-20-series;6;od 12 do 35;od 1445 do 2272;od 0.03 do 0.02;
Roboty;robot_m-410ic_110;Robot;FANUC;Tak;M-410iC;https://www.fanuc.eu/pl/pl/roboty/robot-strona-filtrowania/m-410-series;;od 110 do 700;od 2403 do 3143;od 0.5 do 0.2;
Roboty;part_m-710ic-12l;Robot;FANUC;Tak;M-710iC;https://www.fanuc.eu/pl/pl/roboty/robot-strona-filtrowania/seria-m-710;;od 12 do 70;od 1359 do 3123;od 0.15 do 0.03;
Roboty;3d_m-800ia_60_v01;Robot;FANUC;Tak;M-800iA;https://www.fanuc.eu/pl/pl/roboty/robot-strona-filtrowania/m-800-series;6;60;2040;0.03;
Roboty;3d_m-900ib_360_sa_full_v01;Robot;FANUC;Tak;M-900iB;https://www.fanuc.eu/pl/pl/roboty/robot-strona-filtrowania/m-900-series;6;od 280 do 700;od 2655 do 3704;0.1;
Roboty;robot_m-2000ia_2300;Robot;FANUC;Tak;M-2000iA;https://www.fanuc.eu/pl/pl/roboty/robot-strona-filtrowania/m-2000-series;6;od 900 do 2300;od 3734 do 4683;od 0.27 do 0.18;
Roboty;3d_r-1000ia_100f;Robot;FANUC;Tak;R-1000iA;https://www.fanuc.eu/pl/pl/roboty/robot-strona-filtrowania/r-1000-series;;od 80 do 130;2230;0.03;
Roboty;3d_r-2000ic_125l;Robot;FANUC;Tak;R-2000iC;https://www.fanuc.eu/pl/pl/roboty/robot-strona-filtrowania/seria-r-2000;6;od 100 do 270;od 2450 do 3540;od 0.1 do 0.05;
BezpieczeĹ„stwo;uam-05lp-t301;Skanery;Hokuyo;A;Skaner laserowy;;;;;;
Elementy sceny;pallet-160x160;Opakowania - palety;Jot Automation;A;Paleta 160x160;;;;;;
Elementy sceny;pallet-250x350;Opakowania - palety;Jot Automation;A;Paleta 250x350;;;;;;
Elementy sceny;candyboxcarton;Opakowania - palety;Jot Automation;A;Karton maĹ‚y;;;;;;
Pozycjonowanie detalu;fiforack;RegaĹ‚y podawcze;Jot Automation;A;RegaĹ‚ Fifo;;;;;;
Pozycjonowanie detalu;dkp_400_v1;Pozycjoner mechaniczny;KUKA;Tak;dkp_400_v1;;;;;;
Pozycjonowanie detalu;dkp_400_v2;Pozycjoner mechaniczny;KUKA;Tak;dkp_400_v2;;;;;;
Pozycjonowanie detalu;kp1_h;Pozycjoner mechaniczny;KUKA;Tak;kp1_h;;;;;;
Roboty;kr_10_r900_2;Robot;KUKA;Tak;kr_10_r900_2;;;;;;
Roboty;kr_10_r900_2_c;Robot;KUKA;Tak;kr_10_r900_2_c;;;;;;
Roboty;kr_3_r540;Robot;KUKA;Tak;kr_3_r540;;;;;;
Roboty;kr_3_r540_c;Robot;KUKA;Tak;kr_3_r540_c;;;;;;
Roboty;kr_3_r540_w;Robot;KUKA;Tak;kr_3_r540_w;;;;;;
Roboty;kr_5_2_arc_hw;Robot;KUKA;Tak;kr_5_2_arc_hw;;;;;;
Roboty;kr_5_2_arc_hw_c;Robot;KUKA;Tak;kr_5_2_arc_hw_c;;;;;;
Roboty;kr_5_arc;Robot;KUKA;Tak;kr_5_arc;;;;;;
Roboty;kr_5_arc_c;Robot;KUKA;Tak;kr_5_arc_c;;;;;;
Roboty;kr_5_r1400;Robot;KUKA;Tak;kr_5_r1400;;;;;;
Roboty;kr_5_r1400_c;Robot;KUKA;Tak;kr_5_r1400_c;;;;;;
Roboty;kr_6_2;Robot;KUKA;Tak;kr_6_2;;;;;;
Roboty;kr_6_2_c;Robot;KUKA;Tak;kr_6_2_c;;;;;;
Roboty;kr_6_2_w;Robot;KUKA;Tak;kr_6_2_w;;;;;;
Roboty;kr_6_ks;Robot;KUKA;Tak;kr_6_ks;;;;;;
Roboty;kr_6_r1820;Robot;KUKA;Tak;kr_6_r1820;;;;;;
Roboty;kr_6_r1820_arc_hw;Robot;KUKA;Tak;kr_6_r1820_arc_hw;;;;;;
Roboty;kr_6_r700_2;Robot;KUKA;Tak;kr_6_r700_2;;;;;;
Roboty;kr_6_r700_2_c;Robot;KUKA;Tak;kr_6_r700_2_c;;;;;;
Roboty;kr_6_r700_2_w;Robot;KUKA;Tak;kr_6_r700_2_w;;;;;;
Roboty;kr_6_r700_fivve;Robot;KUKA;Tak;kr_6_r700_fivve;;;;;;
Roboty;kr_6_r700_fivve_c;Robot;KUKA;Tak;kr_6_r700_fivve_c;;;;;;
Roboty;kr_6_r700_hm_sc;Robot;KUKA;Tak;kr_6_r700_hm_sc;;;;;;
Roboty;kr_6_r700_sixx;Robot;KUKA;Tak;kr_6_r700_sixx;;;;;;
Roboty;kr_6_r700_sixx_c;Robot;KUKA;Tak;kr_6_r700_sixx_c;;;;;;
Roboty;kr_6_r700_sixx_cr;Robot;KUKA;Tak;kr_6_r700_sixx_cr;;;;;;
Roboty;kr_6_r700_sixx_w;Robot;KUKA;Tak;kr_6_r700_sixx_w;;;;;;
Roboty;kr_6_r900_2;Robot;KUKA;Tak;kr_6_r900_2;;;;;;
Roboty;kr_6_r900_2_c;Robot;KUKA;Tak;kr_6_r900_2_c;;;;;;
Roboty;kr_6_r900_2_w;Robot;KUKA;Tak;kr_6_r900_2_w;;;;;;
Roboty;kr_6_r900_fivve;Robot;KUKA;Tak;kr_6_r900_fivve;;;;;;
Roboty;kr_6_r900_fivve_c;Robot;KUKA;Tak;kr_6_r900_fivve_c;;;;;;
Roboty;kr_6_r900_hm_sc;Robot;KUKA;Tak;kr_6_r900_hm_sc;;;;;;
Roboty;kr_6_r900_sixx;Robot;KUKA;Tak;kr_6_r900_sixx;;;;;;
Roboty;kr_6_r900_sixx_c;Robot;KUKA;Tak;kr_6_r900_sixx_c;;;;;;
Roboty;kr_6_r900_sixx_cr;Robot;KUKA;Tak;kr_6_r900_sixx_cr;;;;;;
Roboty;kr_6_r900_sixx_w;Robot;KUKA;Tak;kr_6_r900_sixx_w;;;;;;
Roboty;kr_8_r1420_arc_hw;Robot;KUKA;Tak;kr_8_r1420_arc_hw;;;;;;
Roboty;kr_8_r1620;Robot;KUKA;Tak;kr_8_r1620;;;;;;
Roboty;kr_8_r1620_arc_hw;Robot;KUKA;Tak;kr_8_r1620_arc_hw;;;;;;
Roboty;kr_8_r2010;Robot;KUKA;Tak;kr_8_r2010;;;;;;
Roboty;kr_8_r2100_arc_hw;Robot;KUKA;Tak;kr_8_r2100_arc_hw;;;;;;
Roboty;kr_10_r900_2_w;Robot;KUKA;Tak;kr_10_r900_2_w;;;;;;
Roboty;kr_10_r900_hm_sc;Robot;KUKA;Tak;kr_10_r900_hm_sc;;;;;;
Roboty;kr_10_r900_sixx;Robot;KUKA;Tak;kr_10_r900_sixx;;;;;;
Roboty;kr_10_r900_sixx_c;Robot;KUKA;Tak;kr_10_r900_sixx_c;;;;;;
Roboty;kr_10_r900_sixx_cr;Robot;KUKA;Tak;kr_10_r900_sixx_cr;;;;;;
Roboty;kr_10_r900_sixx_w;Robot;KUKA;Tak;kr_10_r900_sixx_w;;;;;;
Roboty;kr_10_r1100_2;Robot;KUKA;Tak;kr_10_r1100_2;;;;;;
Roboty;kr_10_r1100_2_c;Robot;KUKA;Tak;kr_10_r1100_2_c;;;;;;
Roboty;kr_10_r1100_2_w;Robot;KUKA;Tak;kr_10_r1100_2_w;;;;;;
Roboty;kr_10_r1100_fivve;Robot;KUKA;Tak;kr_10_r1100_fivve;;;;;;
Roboty;kr_10_r1100_fivve_c;Robot;KUKA;Tak;kr_10_r1100_fivve_c;;;;;;
Roboty;kr_10_r1100_hm_sc;Robot;KUKA;Tak;kr_10_r1100_hm_sc;;;;;;
Roboty;kr_10_r1100_sixx;Robot;KUKA;Tak;kr_10_r1100_sixx;;;;;;
Roboty;kr_10_r1100_sixx_c;Robot;KUKA;Tak;kr_10_r1100_sixx_c;;;;;;
Roboty;kr_10_r1100_sixx_cr;Robot;KUKA;Tak;kr_10_r1100_sixx_cr;;;;;;
Roboty;kr_10_r1100_sixx_w;Robot;KUKA;Tak;kr_10_r1100_sixx_w;;;;;;
Roboty;kr_10_r1420;Robot;KUKA;Tak;kr_10_r1420;;;;;;
Roboty;kr_12_r1810;Robot;KUKA;Tak;kr_12_r1810;;;;;;
Roboty;kr_12r1810_2;Robot;KUKA;Tak;kr_12r1810_2;;;;;;
Roboty;kr_12r1810_2_c;Robot;KUKA;Tak;kr_12r1810_2_c;;;;;;
Roboty;kr_12r1810_2_w;Robot;KUKA;Tak;kr_12r1810_2_w;;;;;;
Roboty;kr_16_2;Robot;KUKA;Tak;kr_16_2;;;;;;
Roboty;kr_16_2_c;Robot;KUKA;Tak;kr_16_2_c;;;;;;
Roboty;kr_16_2_ks;Robot;KUKA;Tak;kr_16_2_ks;;;;;;
Roboty;kr_16_2_ks_c;Robot;KUKA;Tak;kr_16_2_ks_c;;;;;;
Roboty;kr_16_2_w;Robot;KUKA;Tak;kr_16_2_w;;;;;;
Roboty;kr_16_arc_hw;Robot;KUKA;Tak;kr_16_arc_hw;;;;;;
Roboty;kr_16_arc_hw_c;Robot;KUKA;Tak;kr_16_arc_hw_c;;;;;;
Roboty;kr_16_l6_2;Robot;KUKA;Tak;kr_16_l6_2;;;;;;
Roboty;kr_16_l6_2_c;Robot;KUKA;Tak;kr_16_l6_2_c;;;;;;
Roboty;rh_1fhr5515;Robot;Mitsubishi;Tak;rh_1fhr5515;;;;;;
Roboty;rh_1frhr5515;Robot;Mitsubishi;Tak;rh_1frhr5515;;;;;;
Roboty;rh_3ch4018;Robot;Mitsubishi;Tak;rh_3ch4018;;;;;;
Roboty;rh_3fh3515;Robot;Mitsubishi;Tak;rh_3fh3515;;;;;;
Roboty;rh_3fh4515;Robot;Mitsubishi;Tak;rh_3fh4515;;;;;;
Roboty;rh_3fh5515;Robot;Mitsubishi;Tak;rh_3fh5515;;;;;;
Roboty;rh_3fhr3513_1d_sa11;Robot;Mitsubishi;Tak;rh_3fhr3513_1d_sa11;;;;;;
Roboty;rh_3frh3512c;Robot;Mitsubishi;Tak;rh_3frh3512c;;;;;;
Roboty;rh_3frh3515;Robot;Mitsubishi;Tak;rh_3frh3515;;;;;;
Roboty;rh_3frh4512c;Robot;Mitsubishi;Tak;rh_3frh4512c;;;;;;
Roboty;rh_3frh5512c;Robot;Mitsubishi;Tak;rh_3frh5512c;;;;;;
Roboty;rh_3frh5515;Robot;Mitsubishi;Tak;rh_3frh5515;;;;;;
Roboty;rh_3frhr3515;Robot;Mitsubishi;Tak;rh_3frhr3515;;;;;;
Roboty;rh_3sdhr;Robot;Mitsubishi;Tak;rh_3sdhr;;;;;;
Roboty;rh_5ah35;Robot;Mitsubishi;Tak;rh_5ah35;;;;;;
Roboty;rh_5ah45;Robot;Mitsubishi;Tak;rh_5ah45;;;;;;
Roboty;rh_5ah55;Robot;Mitsubishi;Tak;rh_5ah55;;;;;;
Roboty;rh_6ch6020;Robot;Mitsubishi;Tak;rh_6ch6020;;;;;;
Roboty;rh_6ch7020;Robot;Mitsubishi;Tak;rh_6ch7020;;;;;;
Roboty;rh_6fh3520;Robot;Mitsubishi;Tak;rh_6fh3520;;;;;;
Roboty;rh_6fh4520;Robot;Mitsubishi;Tak;rh_6fh4520;;;;;;
Roboty;rh_6fh5520;Robot;Mitsubishi;Tak;rh_6fh5520;;;;;;
Roboty;rh_6frh3520;Robot;Mitsubishi;Tak;rh_6frh3520;;;;;;
Roboty;rh_6frh3520m;Robot;Mitsubishi;Tak;rh_6frh3520m;;;;;;
Roboty;rh_6frh3534;Robot;Mitsubishi;Tak;rh_6frh3534;;;;;;
Roboty;rh_6frh3534m;Robot;Mitsubishi;Tak;rh_6frh3534m;;;;;;
Roboty;rh_6frh4520;Robot;Mitsubishi;Tak;rh_6frh4520;;;;;;
Roboty;rh_6frh4520m;Robot;Mitsubishi;Tak;rh_6frh4520m;;;;;;
Roboty;rh_6frh4534;Robot;Mitsubishi;Tak;rh_6frh4534;;;;;;
Roboty;rh_6frh4534m;Robot;Mitsubishi;Tak;rh_6frh4534m;;;;;;
Roboty;rh_6frh5520;Robot;Mitsubishi;Tak;rh_6frh5520;;;;;;
Roboty;rh_6frh5520m;Robot;Mitsubishi;Tak;rh_6frh5520m;;;;;;
Roboty;rh_6frh5534;Robot;Mitsubishi;Tak;rh_6frh5534;;;;;;
Roboty;rh_6frh5534m;Robot;Mitsubishi;Tak;rh_6frh5534m;;;;;;
Roboty;rh_6sh3517m;Robot;Mitsubishi;Tak;rh_6sh3517m;;;;;;
Roboty;rh_6sh3520;Robot;Mitsubishi;Tak;rh_6sh3520;;;;;;
Roboty;rh_6sh3527m;Robot;Mitsubishi;Tak;rh_6sh3527m;;;;;;
Roboty;rh_6sh3532;Robot;Mitsubishi;Tak;rh_6sh3532;;;;;;
Roboty;rh_6sh4517m;Robot;Mitsubishi;Tak;rh_6sh4517m;;;;;;
Roboty;rh_6sh4520;Robot;Mitsubishi;Tak;rh_6sh4520;;;;;;
BezpieczeĹ„stwo;3_light_tower;Sygnalizatory;No name;TAK;Sygnalizator stanu;;;;;;
Roboty;alupedestal;Mocowanie;No name;TAK;CokĂłĹ‚ 1;;;;;;
Pozycjonowanie detalu;asycube_240;Kamera wizyjna 2D;No name;TAK;Kamera 2D z podajnikiem wibracyjnym;;;;;;
Elementy sceny;bare_board_destacker;Maszyny;No name;TAK;Destacker;;;;;;
Elementy sceny;bare_board_stacker;Maszyny;No name;TAK;Stacker;;;;;;
Pozycjonowanie detalu;bladderstopper;Pozycjoner mechaniczny;No name;TAK;Stoper 1;;;;;;
Elementy sceny;board_inverter;Transporter;No name;TAK;Podajnik detali 1;;;;;;
Elementy sceny;board_transfer_system;Transporter;No name;TAK;Podajnik detali 2;;;;;;
Elementy sceny;bottle_batch_capper;Maszyny;No name;TAK;Podajnik butelek z zasobnikiem;;;;;;
Elementy sceny;bottle_labeling_machine;Maszyny;No name;TAK;Etykieciarka;;;;;;
Elementy sceny;bowl_feeder;Maszyny;No name;TAK;Zasobnik 1;;;;;;
Elementy sceny;boxcreator;Maszyny;No name;TAK;Kartoniarka 1;;;;;;
Elementy sceny;boxfiller;Maszyny;No name;TAK;Kartoniarka 2;;;;;;
Aplikacja;boxgripper;Chwytak mechaniczny;No name;TAK;Chwytak mechaniczny 5;;;;;;
Elementy sceny;boxsealer_2;Maszyny;No name;TAK;Kartoniarka 3;;;;;;
Elementy sceny;boxwrapper;Maszyny;No name;TAK;Kartoniarka 4;;;;;;
Elementy sceny;buffer_unit;Maszyny;No name;TAK;Zasobnik 2;;;;;;
Sterowanie;cellcontroller;Panel sterujÄ…cy robotem;No name;TAK;Panel sterujÄ…cy;;;;;;
Elementy sceny;chair;Meble;No name;TAK;KrzesĹ‚o;;;;;;
Elementy sceny;diverter;Transporter;No name;TAK;Sortownik;;;;;;
Elementy sceny;doubledoorcupboard;Meble;No name;TAK;Szafa   ;;;;;;
Elementy sceny;eh-320;Maszyny;No name;TAK;CNC;;;;;;
Pozycjonowanie detalu;endblock;Pozycjoner mechaniczny;No name;TAK;Stoper 2;;;;;;
Elementy sceny;ergotable;Meble;No name;TAK;Biurko naroĹĽne;;;;;;
Elementy sceny;feeler_fmh500;Maszyny;No name;TAK;CNC;;;;;;
Elementy sceny;ftc-150;Maszyny;No name;TAK;CNC;;;;;;
Elementy sceny;ftc-350;Maszyny;No name;TAK;CNC;;;;;;
Elementy sceny;fvt-450;Maszyny;No name;TAK;CNC;;;;;;
Elementy sceny;generic_big_lathe;Maszyny;No name;TAK;CNC;;;;;;
BezpieczeĹ„stwo;generic_fence;PrzesĹ‚a ogrodzenia;No name;TAK;PĹ‚ot;;;;;;
Elementy sceny;generic_lathe;Maszyny;No name;TAK;CNC;;;;;;
Elementy sceny;generic_mill;Maszyny;No name;TAK;CNC;;;;;;
Elementy sceny;generic_work_table;Maszyny;No name;TAK;CNC;;;;;;
Elementy sceny;goodway_ga-2000;Maszyny;No name;TAK;CNC;;;;;;
Sterowanie;hmi;HMI;No name;TAK;HMI;;;;;;
Pozycjonowanie detalu;indexing_table;StĂłĹ‚ podawczy;No name;TAK;StĂłĹ‚ pozycjonujÄ…cy 1;;;;;;
Elementy sceny;injection_molding_machine;Maszyny;No name;TAK;Wtryskarka 1;;;;;;
Aplikacja;kamera_na_robota;Kontrola wizyjna;No name;TAK;Kamera wizyjna 3D;;;;;;
Elementy sceny;laptop;Meble;No name;TAK;Laptop;;;;;;
Elementy sceny;loader;Maszyny;No name;TAK;Podajnik detali 3;;;;;;
Elementy sceny;manual_workstation;Meble;No name;TAK;Stnowisko robocze;;;;;;
Elementy sceny;medium_turning_machine;Maszyny;No name;TAK;CNC;;;;;;
Roboty;mocowanie_niskie;Mocowanie;No name;TAK;CokĂłĹ‚ 2;;;;;;
Roboty;mocowanie_pod_coboty;Mocowanie;No name;TAK;CokĂłĹ‚ 5;;;;;;
Roboty;mocowanie_srednie;Mocowanie;No name;TAK;CokĂłĹ‚ 3;;;;;;
Roboty;mocowanie_wysokie;Mocowanie;No name;TAK;CokĂłĹ‚ 4;;;;;;
Elementy sceny;moulding_machine;Maszyny;No name;TAK;Wtryskarka 2;;;;;;
Elementy sceny;nv-800;Maszyny;No name;TAK;CNC;;;;;;
Elementy sceny;pallet_feeder;Maszyny;No name;TAK;Podajnik palet;;;;;;
Sterowanie;panel;Panel sterujÄ…cy robotem;No name;Tak;Panel sterujÄ…cy;;;;;;
Elementy sceny;parametric_five-axis_lathe;Maszyny;No name;Tak;CNC;;;;;;
Elementy sceny;parametric_gantry_machine;Maszyny;No name;Tak;CNC;;;;;;
Elementy sceny;parametric_lathe;Maszyny;No name;Tak;CNC;;;;;;
Elementy sceny;parametric_vertical_milling_machine;Maszyny;No name;Tak;CNC;;;;;;
Aplikacja;parametricgripper;Chwytak podciĹ›nieniowy;No name;Tak;Chwytak podciĹ›nieniowy;;;;;;
BezpieczeĹ„stwo;part_grilldoorleft;Furtka;No name;Tak;Furtka;;;;;;
BezpieczeĹ„stwo;part_lightcurtain;Kurtyna Ĺ›wetlna;No name;Tak;Kurtyna Ĺ›wietlna;;;;;;
Aplikacja;part_quality_check_camera;Kontrola wizyjna;No name;Tak;Kamera wizyjna + Stojak;;;;;;
Inne;part_resource_tool_forklift;Inne;No name;Tak;WĂłzek widĹ‚owy 1;;;;;;
Inne;part_resource_tool_pallet_jack;Inne;No name;Tak;Paleciak;;;;;;
Roboty;part_robotfloortrack;Mocowanie;No name;Tak;Podest ruchomy 1;;;;;;
Roboty;part_robotgantry;Mocowanie;No name;Tak;Podest ruchomy 2;;;;;;
Elementy sceny;part_rotary_filling_machine;Maszyny;No name;Tak;Maszyna napeĹ‚niajÄ…ca;;;;;;
Elementy sceny;part_rotary_washer;Maszyny;No name;Tak;Maszyna myjÄ…ca;;;;;;
Pozycjonowanie detalu;part_sensor_conveyor;Czujniki i sensory;No name;Tak;Czujnik na transporter;;;;;;
Elementy sceny;part_shelf_buffer;Meble;No name;Tak;RegaĹ‚ ;;;;;;
Elementy sceny;part_shuttle_conveyor;Transporter;No name;Tak;Transporter wahadĹ‚owy;;;;;;
Aplikacja;part_singlecupvacuumgripper;Chwytak podciĹ›nieniowy;No name;Tak;Ssawka;;;;;;
Elementy sceny;part_small_injection_molding_machine;Maszyny;No name;Tak;Wtryskarka;;;;;;
Elementy sceny;part_small_turning_machine;Maszyny;No name;Tak;CNC;;;;;;
Elementy sceny;part_sorter;Transporter;No name;Tak;Transporter sortujÄ…cy;;;;;;
Elementy sceny;part_spiralconveyor;Transporter;No name;Tak;Transporter spiralny 1;;;;;;
Elementy sceny;part_spiralconveyor_2;Transporter;No name;Tak;Transporter spiralny 2;;;;;;
Elementy sceny;part_stretchwrapper;Maszyny;No name;Tak;Owijarka;;;;;;
Elementy sceny;part_table1;Meble;No name;Tak;StĂłĹ‚  ;;;;;;
Elementy sceny;part_tc20;Maszyny;No name;Tak;CNC;;;;;;
Elementy sceny;part_telescopic_gate_conveyor;Transporter;No name;Tak;Transporter teleskopowy;;;;;;
Elementy sceny;part_transport_conveyor;Transporter;No name;Tak;Transporter 3;;;;;;
Elementy sceny;part_transport_conveyor_light;Transporter;No name;Tak;Transporter 4;;;;;;
Elementy sceny;part_transport_conveyor_narrow;Transporter;No name;Tak;Transporter 5;;;;;;
Elementy sceny;part_transport_conveyor_t6;Transporter;No name;Tak;Transporter 6;;;;;;
Elementy sceny;part_turn_unit;Maszyny;No name;Tak;Obrotnica;;;;;;
Elementy sceny;part_turntable_conveyor;Transporter;No name;Tak;Transporter obrotowy;;;;;;
Elementy sceny;part_two_way_crossing_conveyor;Transporter;No name;Tak;Transporter poprzeczny;;;;;;
Elementy sceny;part_unloader;Maszyny;No name;Tak;Stacja rozĹ‚adunku;;;;;;
Roboty;part_vctrack;Mocowanie;No name;Tak;Podest ruchomy 3;;;;;;
Elementy sceny;part_vertical_paternoster;Maszyny;No name;Tak;Winda 1;;;;;;
Elementy sceny;part_verticalstacker;Maszyny;No name;Tak;Winda 2;;;;;;
Elementy sceny;part_vmp-32a;Maszyny;No name;Tak;CNC;;;;;;
Inne;part_works_forklift_resource;Inne;No name;Tak;WĂłzek widĹ‚owy 2;;;;;;
Inne;part_works_lgv_forklift_resource;Inne;No name;Tak;WĂłzek widĹ‚owy 3;;;;;;
Elementy sceny;pcdesk;Meble;No name;Tak;Stanowisko komputerowe;;;;;;
Aplikacja;pfh_50_100;Chwytak mechaniczny;No name;Tak;Chwytak mechaniczny;;;;;;
Elementy sceny;pickandplacepallet;Opakowania - palety;No name;Tak;Paleta z przegrodami;;;;;;
Inne;power_source_rack;Inne;No name;Tak;WĂłzek transportowy;;;;;;
Elementy sceny;processpoint_conveyor;Maszyny;No name;Tak;Transporter punktowy;;;;;;
Elementy sceny;prolathe;Maszyny;No name;Tak;CNC;;;;;;
Elementy sceny;promill;Maszyny;No name;Tak;CNC;;;;;;
Aplikacja;pzn_plus_300_1;Chwytak mechaniczny;No name;Tak;Chwytak mechaniczny;;;;;;
Elementy sceny;stojak_na_akcesoria;Stojak;No name;Tak;Stojak;;;;;;
Elementy sceny;stol_nr_1;Meble;No name;Tak;StĂłĹ‚;;;;;;
Elementy sceny;table_nr_2;Meble;No name;Tak;StĂłĹ‚;;;;;;
Elementy sceny;tasm;Transporter;No name;Tak;Transporter;;;;;;
BezpieczeĹ„stwo;wylacznik_bezpieczenstwa;WĹ‚Ä…czniki bezpieczeĹ„stwa;No name;Tak;WĹ‚Ä…cznik bezpieczeĹ„stwa;;;;;;
Sterowanie;electriccabinet;Sterownik PLC;No name;A;Szafa elektryczna;;;;;;
Elementy sceny;curveconveyortemplate;Transporter;No name;A;Transporter 1;;;;;;
Elementy sceny;curve_conveyor;Transporter;No name;A;Transporter 2;;;;;;
Elementy sceny;overhead;Transporter;No name;A;Transporter + stokaj;;;;;;
Elementy sceny;productbin;Opakowania - palety;No name;A;Karton wielki;;;;;;
Operator;humananna;Operator;No name;A;Operator Anna;;;;;;
Operator;humanotto;Operator;No name;A;Operator Otto;;;;;;
Elementy sceny;box;Opakowania - palety;No name;A;Karton Ĺ›redni;;;;;;
Elementy sceny;europallet;Opakowania - palety;No name;A;Euro Paleta;;;;;;
Elementy sceny;finpallet;Opakowania - palety;No name;A;Paleta 1200x1000;;;;;;
Elementy sceny;plasticbox;Opakowania - palety;No name;A;Skrzynka plastikowa;;;;;;
Aplikacja;chwytak_2f-140;Chwytak mechaniczny;No name;A;Chwytak mechaniczny 2;;;;;;
Aplikacja;chwytak_36005f-200;Chwytak mechaniczny;No name;A;Chwytak mechaniczny 4;;;;;;
Aplikacja;chwytak_cm-vn130819b00;Chwytak mechaniczny;No name;A;Chwytak mechaniczny 5;;;;;;
Pozycjonowanie detalu;kamera_nr_1;Kamera wizyjna 3D;No name;A;Kamera nr 1;;;;;;
Aplikacja;chwytak_gr2;Chwytak mechaniczny;No name;A;Chwytak mechaniczny 10;;;;;;
Aplikacja;chwytak_2f-85;Chwytak mechaniczny;No name;A;Chwytak mechaniczny 9;;;;;;
Roboty;mocowanie_niskie_waskie;Mocowanie;No name;TAK;CokĂłĹ‚ 1w;;;;;;
Roboty;mocowanie_srednie_waskie;Mocowanie;No name;TAK;CokĂłĹ‚ 2w;;;;;;
Roboty;mocowanie_wysokie_waskie;Mocowanie;No name;TAK;CokĂłĹ‚ 3w;;;;;;
Elementy sceny;carton;Detale;No name;A;Karton zamkniÄ™ty duĹĽy;;;;;;
Elementy sceny;carton_sredni;Detale;No name;A;Karton zamkniÄ™ty Ĺ›redni;;;;;;
Elementy sceny;carton_maly;Detale;No name;A;Karton zamkniÄ™ty maĹ‚y;;;;;;
Operator;worker;Operator;No name;A;Operator - Konrad;;;;;;
Elementy sceny;stojak_na_akcesoria_wysoki;Stojak;No name;Tak;Stojak - wysoki;;;;;;
Elementy sceny;bag_big;Detale;No name;A;Worek - duĹĽy;;;;;;
Elementy sceny;bag_medium;Detale;No name;A;Worek - Ĺ›redni;;;;;;
Elementy sceny;bag_small;Detale;No name;A;Worek - maĹ‚y;;;;;;
Elementy sceny;cyllinder_big;Detale;No name;A;Cylinder - duĹĽy;;;;;;
Elementy sceny;cyllinder_medium;Detale;No name;A;Cylinder - Ĺ›redni;;;;;;
Elementy sceny;cyllinder_small;Detale;No name;A;Cylinder - maĹ‚y;;;;;;
BezpieczeĹ„stwo;metalfence;PrzesĹ‚a ogrodzenia;No name;TAK;Metalowa barierka;;;;;;
Aplikacja;part_rg6_gripper;Chwytak mechaniczny;OnRobot;Tak;Chwytam mechaniczny;;;;;;
Elementy sceny;colchester_3000l;Maszyny;PreFactor;TAK;CNC;;;;;;
Aplikacja;3-finger_gripper;Chwytak mechaniczny;Robotiq;A;Chwytak mechaniczny 3;;;;;;
Aplikacja;schunk-rpe;Chwytak mechaniczny;SCHUNK;A;Chwytak mechaniczny 4;;;;;;
Roboty;procobot_eseries_ur10e;Robot;UR;Tak;UR10e;;;;;;
Roboty;procobot_eseries_ur16e;Robot;UR;Tak;UR16e;;;;;;
Roboty;procobot_eseries_ur3e;Robot;UR;Tak;UR3e;;;;;;
Roboty;procobot_eseries_ur5e;Robot;UR;Tak;UR5e;;;;;;
Roboty;ar700;Robot;Yaskawa;Tak;ar700;;;;;;
Roboty;ar900;Robot;Yaskawa;Tak;ar900;;;;;;
Roboty;ar1440;Robot;Yaskawa;Tak;ar1440;;;;;;
Roboty;ar1730;Robot;Yaskawa;Tak;ar1730;;;;;;
Roboty;ar2010;Robot;Yaskawa;Tak;ar2010;;;;;;
Roboty;ar3120;Robot;Yaskawa;Tak;ar3120;;;;;;
Pozycjonowanie detalu;bl_250;Pozycjoner mechaniczny;Yaskawa;Tak;bl_250;;;;;;
Pozycjonowanie detalu;bl_500;Pozycjoner mechaniczny;Yaskawa;Tak;bl_500;;;;;;
Pozycjonowanie detalu;dk_250h;Pozycjoner mechaniczny;Yaskawa;Tak;dk_250h;;;;;;
Pozycjonowanie detalu;dk_500h;Pozycjoner mechaniczny;Yaskawa;Tak;dk_500h;;;;;;
Pozycjonowanie detalu;dk_1000;Pozycjoner mechaniczny;Yaskawa;Tak;dk_1000;;;;;;
Pozycjonowanie detalu;dk_1500;Pozycjoner mechaniczny;Yaskawa;Tak;dk_1500;;;;;;
Pozycjonowanie detalu;dk_2500;Pozycjoner mechaniczny;Yaskawa;Tak;dk_2500;;;;;;
Roboty;ea1400n;Robot;Yaskawa;Tak;ea1400n;;;;;;
Roboty;eph4000;Robot;Yaskawa;Tak;eph4000;;;;;;
Roboty;epx2050_a30;Robot;Yaskawa;Tak;epx2050_a30;;;;;;
Roboty;epx2900;Robot;Yaskawa;Tak;epx2900;;;;;;
Roboty;es165d;Robot;Yaskawa;Tak;es165d;;;;;;
Roboty;es165d_100;Robot;Yaskawa;Tak;es165d_100;;;;;;
Roboty;es165n;Robot;Yaskawa;Tak;es165n;;;;;;
Roboty;es165rd;Robot;Yaskawa;Tak;es165rd;;;;;;
Roboty;es200d;Robot;Yaskawa;Tak;es200d;;;;;;
Roboty;es200rn_120;Robot;Yaskawa;Tak;es200rn_120;;;;;;
Roboty;es280d;Robot;Yaskawa;Tak;es280d;;;;;;
Pozycjonowanie detalu;g_250;Pozycjoner mechaniczny;Yaskawa;Tak;g_250;;;;;;
Pozycjonowanie detalu;g_1000;Pozycjoner mechaniczny;Yaskawa;Tak;g_1000;;;;;;
Roboty;gp7;Robot;Yaskawa;Tak;gp7;;;;;;
Roboty;gp8;Robot;Yaskawa;Tak;gp8;;;;;;
Roboty;gp12;Robot;Yaskawa;Tak;gp12;;;;;;
Roboty;gp20hl;Robot;Yaskawa;Tak;gp20hl;;;;;;
Roboty;gp25;Robot;Yaskawa;Tak;gp25;;;;;;
Roboty;gp25_12;Robot;Yaskawa;Tak;gp25_12;;;;;;
Roboty;gp35l;Robot;Yaskawa;Tak;gp35l;;;;;;
Roboty;gp50;Robot;Yaskawa;Tak;gp50;;;;;;
Roboty;gp88;Robot;Yaskawa;Tak;gp88;;;;;;
Roboty;gp110;Robot;Yaskawa;Tak;gp110;;;;;;
Roboty;gp165r;Robot;Yaskawa;Tak;gp165r;;;;;;
Roboty;gp180;Robot;Yaskawa;Tak;gp180;;;;;;
Roboty;gp180_120;Robot;Yaskawa;Tak;gp180_120;;;;;;
Roboty;gp200r;Robot;Yaskawa;Tak;gp200r;;;;;;
Roboty;gp215;Robot;Yaskawa;Tak;gp215;;;;;;
Roboty;gp225;Robot;Yaskawa;Tak;gp225;;;;;;
Roboty;gp250;Robot;Yaskawa;Tak;gp250;;;;;;
Roboty;gp280;Robot;Yaskawa;Tak;gp280;;;;;;
Roboty;gp400;Robot;Yaskawa;Tak;gp400;;;;;;
Roboty;gp400r;Robot;Yaskawa;Tak;gp400r;;;;;;
Roboty;gp600;Robot;Yaskawa;Tak;gp600;;;;;;
Roboty;hc10;Robot;Yaskawa;Tak;hc10;;;;;;
Roboty;hc20dt;Robot;Yaskawa;Tak;hc20dt;;;;;;
Roboty;hp20;Robot;Yaskawa;Tak;hp20;;;;;;
Roboty;hp20d;Robot;Yaskawa;Tak;hp20d;;;;;;
Roboty;hp20d_6;Robot;Yaskawa;Tak;hp20d_6;;;;;;
Roboty;hp20rd;Robot;Yaskawa;Tak;hp20rd;;;;;;
Roboty;hp20rn;Robot;Yaskawa;Tak;hp20rn;;;;;;
Roboty;hp350d;Robot;Yaskawa;Tak;hp350d;;;;;;
Roboty;hp350d_200;Robot;Yaskawa;Tak;hp350d_200;;;;;;
Roboty;hp500d;Robot;Yaskawa;Tak;hp500d;;;;;;
Roboty;hp600d;Robot;Yaskawa;Tak;hp600d;;;;;;
Roboty;hsb_1000;Robot;Yaskawa;Tak;hsb_1000;;;;;;
Roboty;hsb_1200;Robot;Yaskawa;Tak;hsb_1200;;;;;;
Roboty;hsb_2000_1560;Robot;Yaskawa;Tak;hsb_2000_1560;;;;;;
Roboty;hsb_2000_1860;Robot;Yaskawa;Tak;hsb_2000_1860;;;;;;
Roboty;hsb_5000_1585;Robot;Yaskawa;Tak;hsb_5000_1585;;;;;;
Roboty;hsb_5000_1860;Robot;Yaskawa;Tak;hsb_5000_1860;;;;;;
Roboty;hsb_7000_1650;Robot;Yaskawa;Tak;hsb_7000_1650;;;;;;
Roboty;hsb_7000_1675;Robot;Yaskawa;Tak;hsb_7000_1675;;;;;;
Roboty;hsb_10000_1760;Robot;Yaskawa;Tak;hsb_10000_1760;;;;;;
Roboty;hsb_10000_2060;Robot;Yaskawa;Tak;hsb_10000_2060;;;;;;
Roboty;hsb_10000_2390;Robot;Yaskawa;Tak;hsb_10000_2390;;;;;;
Roboty;hsb_20000;Robot;Yaskawa;Tak;hsb_20000;;;;;;
Roboty;ma1400;Robot;Yaskawa;Tak;ma1400;;;;;;
Roboty;ma1440;Robot;Yaskawa;Tak;ma1440;;;;;;
Roboty;ma1800;Robot;Yaskawa;Tak;ma1800;;;;;;
Roboty;ma1900;Robot;Yaskawa;Tak;ma1900;;;;;;
Roboty;ma2010;Robot;Yaskawa;Tak;ma2010;;;;;;
Elementy sceny;examplemachine;Maszyny;No name;TAK;Wzorcowa maszyna;;;;;;TAK
Elementy sceny;profil;Opakowania - palety;No name;A;Profil;;;;;;TAK
Roboty;carthesian_small;Robot Kartezjańśki;No name;Tak;Robot kartezjański mały;;;;;;TAK
Roboty;carthesian_big;Robot Kartezjańśki;No name;Tak;Robot kartezjański duży;;;;;;TAK
Elementy sceny;a07b_1023_b001;Maszyny;No name;TAK;a07b_1023_b001;;;;;;TAK
Elementy sceny;c400ib_simp;Maszyny;No name;TAK;c400ib_simp;;;;;;TAK
Elementy sceny;d_21lib_1door_v02;Maszyny;No name;TAK;d_21lib_1door_v02;;;;;;TAK
Elementy sceny;angle_steel;Detale;No name;A;angle_steel;;;;;;TAK
Elementy sceny;h_steel;Detale;No name;A;h_steel;;;;;;TAK
Elementy sceny;muffler;Detale;No name;A;muffler;;;;;;TAK
Elementy sceny;muffler_with_jig;Detale;No name;A;muffler_with_jig;;;;;;TAK
Elementy sceny;pipe;Detale;No name;A;pipe;;;;;;TAK
Elementy sceny;pommel_pipe;Detale;No name;A;pommel_pipe;;;;;;TAK
Elementy sceny;sphere;Detale;No name;A;sphere;;;;;;TAK
Elementy sceny;europallet_boxable;Opakowania - palety;No name;A;europallet_boxable;;;;;;TAK
Elementy sceny;euro_machine;Maszyny;No name;TAK;euro_machine;;;;;;TAK
Elementy sceny;glt_ecopack_e1612l;Opakowania - palety;No name;A;GLT Ecopack E1612L;;;;;;TAK
Elementy sceny;glt_ecopack_e1208l;Opakowania - palety;No name;A;GLT Ecopack E1208L;;;;;;TAK
Elementy sceny;bryla;Detale;No name;A;Bryła - 500-200-50;;;;;;TAK
Elementy sceny;tasm_covered;Transporter;No name;Tak;Transporter z osłoną;;;;;;TAK
Elementy sceny;tasm_shelf;Transporter;No name;Tak;Pułka do transporter;;;;;;TAK
Bezpieczeństwo;panel_ur_sp_2200_1000;Przesła ogrodzenia;No name;TAK;panel_ur_sp_2200_1000;;;;;;TAK
Bezpieczeństwo;panel_ur350_2200_300;Przesła ogrodzenia;No name;TAK;panel_ur350_2200_300;;;;;;TAK
Bezpieczeństwo;panel_ux_450_800_1000;Przesła ogrodzenia;No name;TAK;panel_ux_450_800_1000;;;;;;TAK
Bezpieczeństwo;slupek_60_40_rf_n_2200_b;Przesła ogrodzenia;No name;TAK;slupek_60_40_rf_n_2200_b;;;;;;TAK
Elementy sceny;ekran_telewizora_1400_800_30;Detale;No name;A;ekran_telewizora_1400_800_30;;;;;;TAK
Elementy sceny;ekran_telewizora_3840_2180_30;Detale;No name;A;ekran_telewizora_3840_2180_30;;;;;;TAK
Elementy sceny;productbin_long;Opakowania - palety;No name;A;Karton wielki długi;;;;;;TAK
Elementy sceny;dryer;Maszyny;No name;TAK;dryer;;;;;;TAK
Elementy sceny;cart;Meble;No name;TAK;Wózek;;;;;;TAK
Elementy sceny;shelf_single;Meble;No name;TAK;Moduł półki;;;;;;TAK
Elementy sceny;workstation_mod;Meble;No name;TAK;Stół roboczy;;;;;;TAK
Bezpieczeństwo;panel_ur350_2200x200;Przesła ogrodzenia;No name;TAK;panel_ur350_2200x200;;;;;;TAK
Bezpieczeństwo;panel_ur350_2200x700;Przesła ogrodzenia;No name;TAK;panel_ur350_2200x700;;;;;;TAK
Bezpieczeństwo;panel_ur350_2200x1000;Przesła ogrodzenia;No name;TAK;panel_ur350_2200x1000;;;;;;TAK
Bezpieczeństwo;panel_ur350_2200x1200;Przesła ogrodzenia;No name;TAK;panel_ur350_2200x1200;;;;;;TAK
Bezpieczeństwo;panel_ur350_2200x1500;Przesła ogrodzenia;No name;TAK;panel_ur350_2200x1500;;;;;;TAK
Bezpieczeństwo;generic_fence_nonsocket;Przesła ogrodzenia;No name;TAK;generic_fence_nonsocket;;;;;;TAK
Bezpieczeństwo;panel_ur_sp_2200_1000_nonsocket;Przesła ogrodzenia;No name;TAK;panel_ur_sp_2200_1000_nonsocket;;;;;;TAK
Bezpieczeństwo;panel_ur350_2200_300_nonsocket;Przesła ogrodzenia;No name;TAK;panel_ur350_2200_300_nonsocket;;;;;;TAK
Bezpieczeństwo;panel_ur350_2200x200_nonsocket;Przesła ogrodzenia;No name;TAK;panel_ur350_2200x200_nonsocket;;;;;;TAK
Bezpieczeństwo;panel_ur350_2200x700_nonsocket;Przesła ogrodzenia;No name;TAK;panel_ur350_2200x700_nonsocket;;;;;;TAK
Bezpieczeństwo;panel_ur350_2200x1000_nonsocket;Przesła ogrodzenia;No name;TAK;panel_ur350_2200x1000_nonsocket;;;;;;TAK
Bezpieczeństwo;panel_ur350_2200x1200_nonsocket;Przesła ogrodzenia;No name;TAK;panel_ur350_2200x1200_nonsocket;;;;;;TAK
Bezpieczeństwo;panel_ur350_2200x1500_nonsocket;Przesła ogrodzenia;No name;TAK;panel_ur350_2200x1500_nonsocket;;;;;;TAK
Bezpieczeństwo;panel_ux_450_800_1000_nonsocket;Przesła ogrodzenia;No name;TAK;panel_ux_450_800_1000_nonsocket;;;;;;
Bezpieczeństwo;part_lightcurtain_nonsocket;Przesła ogrodzenia;No name;TAK;part_lightcurtain_nonsocket;;;;;;
Elementy sceny;cart_table;Meble;No name;TAK;cart_table;;;;;;TAK
Elementy sceny;sharpt_tv_back;Detale;No name;A;sharpt_tv_back;;;;;;TAK
Elementy sceny;sharpt_tv_frame;Detale;No name;A;sharpt_tv_frame;;;;;;TAK
Elementy sceny;sharpt_tv_full_line;Detale;No name;A;sharpt_tv_full_line;;;;;;TAK
Elementy sceny;sharpt_tv_presentation;Detale;No name;A;sharpt_tv_presentation;;;;;;TAK
Elementy sceny;sharpt_tv_screen;Detale;No name;A;sharpt_tv_screen;;;;;;TAK
Elementy sceny;sharpt_tv_stand;Detale;No name;A;sharpt_tv_stand;;;;;;TAK
Elementy sceny;big_cart;Meble;No name;TAK;big_cart;;;;;;TAK
Roboty;TM5_700_3D;Robot;TFM ROBOTICS;Tak;TM5_700_3D;;;;;;TAK
Roboty;TM5_900_3D;Robot;TFM ROBOTICS;Tak;TM5_900_3D;;;;;;TAK
Roboty;TM5X_700_3D;Robot;TFM ROBOTICS;Tak;TM5X_700_3D;;;;;;TAK
Roboty;TM5X_900_3D;Robot;TFM ROBOTICS;Tak;TM5X_900_3D;;;;;;TAK
Roboty;TM12_3D;Robot;TFM ROBOTICS;Tak;TM12_3D;;;;;;TAK
Roboty;TM12X_3D;Robot;TFM ROBOTICS;Tak;TM12X_3D;;;;;;TAK
Roboty;TM14_3D;Robot;TFM ROBOTICS;Tak;TM14_3D;;;;;;TAK
Roboty;TM14X_3D;Robot;TFM ROBOTICS;Tak;TM14X_3D;;;;;;TAK
Roboty;3d_cr-15iA;Robot;FANUC;Tak;CR-15iA;https://www.fanuc.eu/pl/pl/roboty/robot-strona-filtrowania/roboty-wsp%C3%B3%C5%82pracuj%C4%85ce/collaborative-cr15ia?gclid=Cj0KCQjw1PSDBhDbARIsAPeTqrejIQWnZ9y9G0zdRbAOnL1IazwuPEhJVkWt1nLIGxOe6lPS1XzSli0aAioQEALw_wcB;6;od 4 do 35 kg;od 550 do 1813 mm;od 0.1 do 0.03 mm;TAK